unique_id,ds,Naive,SeasonalNaive_7,SeasonalNaive_14,SeasonalNaive_28,SeasonalNaive_365,AutoETS,AutoARIMA
hotel_0,2023-07-01,0.8271604938271605,0.9506172839506173,1.0246913580246915,0.8641975308641975,0.8641975308641975,0.7330607977167926,0.7332451482042917
hotel_0,2023-07-02,0.8271604938271605,0.5061728395061729,0.6419753086419753,0.5061728395061729,0.5061728395061729,0.7330607977167926,0.7332451482042917
hotel_0,2023-07-03,0.8271604938271605,0.5802469135802469,0.5308641975308642,0.7407407407407407,0.7407407407407407,0.7330607977167926,0.7332451482042917
hotel_0,2023-07-04,0.8271604938271605,0.691358024691358,0.7283950617283951,0.7530864197530864,0.7530864197530864,0.7330607977167926,0.7332451482042917
hotel_0,2023-07-05,0.8271604938271605,0.654320987654321,0.7160493827160493,0.7530864197530864,0.7530864197530864,0.7330607977167926,0.7332451482042917
hotel_0,2023-07-06,0.8271604938271605,0.7160493827160493,0.7654320987654321,0.6049382716049383,0.6049382716049383,0.7330607977167926,0.7332451482042917
hotel_0,2023-07-07,0.8271604938271605,0.8271604938271605,0.8148148148148148,0.7901234567901234,0.7901234567901234,0.7330607977167926,0.7332451482042917
hotel_0,2023-07-08,0.8271604938271605,0.9506172839506173,0.9506172839506173,0.8518518518518519,0.8518518518518519,0.7330607977167926,0.7332451482042917
hotel_0,2023-07-09,0.8271604938271605,0.5061728395061729,0.5061728395061729,0.5308641975308642,0.5308641975308642,0.7330607977167926,0.7332451482042917
hotel_0,2023-07-10,0.8271604938271605,0.5802469135802469,0.5802469135802469,0.7407407407407407,0.7407407407407407,0.7330607977167926,0.7332451482042917
hotel_0,2023-07-11,0.8271604938271605,0.691358024691358,0.691358024691358,0.7901234567901234,0.7901234567901234,0.7330607977167926,0.7332451482042917
hotel_0,2023-07-12,0.8271604938271605,0.654320987654321,0.654320987654321,0.8271604938271605,0.8271604938271605,0.7330607977167926,0.7332451482042917
hotel_0,2023-07-13,0.8271604938271605,0.7160493827160493,0.7160493827160493,0.7901234567901234,0.7901234567901234,0.7330607977167926,0.7332451482042917
hotel_0,2023-07-14,0.8271604938271605,0.8271604938271605,0.8271604938271605,0.8395061728395061,0.8395061728395061,0.7330607977167926,0.7332451482042917
hotel_0,2023-07-15,0.8271604938271605,0.9506172839506173,1.0246913580246915,1.0246913580246915,1.0246913580246915,0.7330607977167926,0.7332451482042917
hotel_0,2023-07-16,0.8271604938271605,0.5061728395061729,0.6419753086419753,0.6419753086419753,0.6419753086419753,0.7330607977167926,0.7332451482042917
hotel_0,2023-07-17,0.8271604938271605,0.5802469135802469,0.5308641975308642,0.5308641975308642,0.5308641975308642,0.7330607977167926,0.7332451482042917
hotel_0,2023-07-18,0.8271604938271605,0.691358024691358,0.7283950617283951,0.7283950617283951,0.7283950617283951,0.7330607977167926,0.7332451482042917
hotel_0,2023-07-19,0.8271604938271605,0.654320987654321,0.7160493827160493,0.7160493827160493,0.7160493827160493,0.7330607977167926,0.7332451482042917
hotel_0,2023-07-20,0.8271604938271605,0.7160493827160493,0.7654320987654321,0.7654320987654321,0.7654320987654321,0.7330607977167926,0.7332451482042917
hotel_0,2023-07-21,0.8271604938271605,0.8271604938271605,0.8148148148148148,0.8148148148148148,0.8148148148148148,0.7330607977167926,0.7332451482042917
hotel_0,2023-07-22,0.8271604938271605,0.9506172839506173,0.9506172839506173,0.9506172839506173,0.9506172839506173,0.7330607977167926,0.7332451482042917
hotel_0,2023-07-23,0.8271604938271605,0.5061728395061729,0.5061728395061729,0.5061728395061729,0.5061728395061729,0.7330607977167926,0.7332451482042917
hotel_0,2023-07-24,0.8271604938271605,0.5802469135802469,0.5802469135802469,0.5802469135802469,0.5802469135802469,0.7330607977167926,0.7332451482042917
hotel_0,2023-07-25,0.8271604938271605,0.691358024691358,0.691358024691358,0.691358024691358,0.691358024691358,0.7330607977167926,0.7332451482042917
hotel_0,2023-07-26,0.8271604938271605,0.654320987654321,0.654320987654321,0.654320987654321,0.654320987654321,0.7330607977167926,0.7332451482042917
hotel_0,2023-07-27,0.8271604938271605,0.7160493827160493,0.7160493827160493,0.7160493827160493,0.7160493827160493,0.7330607977167926,0.7332451482042917
hotel_0,2023-07-28,0.8271604938271605,0.8271604938271605,0.8271604938271605,0.8271604938271605,0.8271604938271605,0.7330607977167926,0.7332451482042917
hotel_105,2023-07-01,1.0,0.9874213836477987,0.9245283018867925,1.0125786163522013,1.0125786163522013,1.0051773310493548,0.9973045822102427
hotel_105,2023-07-02,1.0,0.9937106918238994,0.9937106918238994,0.9119496855345912,0.9119496855345912,1.0051773310493548,0.9973045822102427
hotel_105,2023-07-03,1.0,1.0188679245283019,1.0062893081761006,0.9937106918238994,0.9937106918238994,1.0051773310493548,0.9973045822102427
hotel_105,2023-07-04,1.0,1.0314465408805031,1.0062893081761006,1.0062893081761006,1.0062893081761006,1.0051773310493548,0.9973045822102427
hotel_105,2023-07-05,1.0,1.0440251572327044,1.0125786163522013,0.9811320754716981,0.9811320754716981,1.0051773310493548,0.9973045822102427
hotel_105,2023-07-06,1.0,1.0062893081761006,1.0566037735849056,0.9559748427672956,0.9559748427672956,1.0051773310493548,0.9973045822102427
hotel_105,2023-07-07,1.0,1.0,0.9874213836477987,0.9811320754716981,0.9811320754716981,1.0051773310493548,0.9973045822102427
hotel_105,2023-07-08,1.0,0.9874213836477987,0.9874213836477987,1.0062893081761006,1.0062893081761006,1.0051773310493548,0.9973045822102427
hotel_105,2023-07-09,1.0,0.9937106918238994,0.9937106918238994,0.9811320754716981,0.9811320754716981,1.0051773310493548,0.9973045822102427
hotel_105,2023-07-10,1.0,1.0188679245283019,1.0188679245283019,0.9937106918238994,0.9937106918238994,1.0051773310493548,0.9973045822102427
hotel_105,2023-07-11,1.0,1.0314465408805031,1.0314465408805031,1.0377358490566038,1.0377358490566038,1.0051773310493548,0.9973045822102427
hotel_105,2023-07-12,1.0,1.0440251572327044,1.0440251572327044,1.0125786163522013,1.0125786163522013,1.0051773310493548,0.9973045822102427
hotel_105,2023-07-13,1.0,1.0062893081761006,1.0062893081761006,1.0188679245283019,1.0188679245283019,1.0051773310493548,0.9973045822102427
hotel_105,2023-07-14,1.0,1.0,1.0,0.9622641509433962,0.9622641509433962,1.0051773310493548,0.9973045822102427
hotel_105,2023-07-15,1.0,0.9874213836477987,0.9245283018867925,0.9245283018867925,0.9245283018867925,1.0051773310493548,0.9973045822102427
hotel_105,2023-07-16,1.0,0.9937106918238994,0.9937106918238994,0.9937106918238994,0.9937106918238994,1.0051773310493548,0.9973045822102427
hotel_105,2023-07-17,1.0,1.0188679245283019,1.0062893081761006,1.0062893081761006,1.0062893081761006,1.0051773310493548,0.9973045822102427
hotel_105,2023-07-18,1.0,1.0314465408805031,1.0062893081761006,1.0062893081761006,1.0062893081761006,1.0051773310493548,0.9973045822102427
hotel_105,2023-07-19,1.0,1.0440251572327044,1.0125786163522013,1.0125786163522013,1.0125786163522013,1.0051773310493548,0.9973045822102427
hotel_105,2023-07-20,1.0,1.0062893081761006,1.0566037735849056,1.0566037735849056,1.0566037735849056,1.0051773310493548,0.9973045822102427
hotel_105,2023-07-21,1.0,1.0,0.9874213836477987,0.9874213836477987,0.9874213836477987,1.0051773310493548,0.9973045822102427
hotel_105,2023-07-22,1.0,0.9874213836477987,0.9874213836477987,0.9874213836477987,0.9874213836477987,1.0051773310493548,0.9973045822102427
hotel_105,2023-07-23,1.0,0.9937106918238994,0.9937106918238994,0.9937106918238994,0.9937106918238994,1.0051773310493548,0.9973045822102427
hotel_105,2023-07-24,1.0,1.0188679245283019,1.0188679245283019,1.0188679245283019,1.0188679245283019,1.0051773310493548,0.9973045822102427
hotel_105,2023-07-25,1.0,1.0314465408805031,1.0314465408805031,1.0314465408805031,1.0314465408805031,1.0051773310493548,0.9973045822102427
hotel_105,2023-07-26,1.0,1.0440251572327044,1.0440251572327044,1.0440251572327044,1.0440251572327044,1.0051773310493548,0.9973045822102427
hotel_105,2023-07-27,1.0,1.0062893081761006,1.0062893081761006,1.0062893081761006,1.0062893081761006,1.0051773310493548,0.9973045822102427
hotel_105,2023-07-28,1.0,1.0,1.0,1.0,1.0,1.0051773310493548,0.9973045822102427
hotel_112,2023-07-01,0.96875,0.75625,1.00625,0.7375,0.7375,0.9598695555861936,0.9234999982686587
hotel_112,2023-07-02,0.96875,0.7625,0.90625,0.7375,0.7375,0.9598695555861936,0.8999665756023624
hotel_112,2023-07-03,0.96875,0.76875,0.95,0.83125,0.83125,0.9598695555861936,0.8877274162388179
hotel_112,2023-07-04,0.96875,0.8625,0.99375,0.83125,0.83125,0.9598695555861936,0.8813621278551281
hotel_112,2023-07-05,0.96875,0.89375,0.9375,0.81875,0.81875,0.9598695555861936,0.8780516965580065
hotel_112,2023-07-06,0.96875,1.0,0.99375,0.85,0.85,0.9598695555861936,0.8763300219515514
hotel_112,2023-07-07,0.96875,0.96875,0.7375,0.675,0.675,0.9598695555861936,0.87543462096465
hotel_112,2023-07-08,0.96875,0.75625,0.75625,0.91875,0.91875,0.9598695555861936,0.8749689447420129
hotel_112,2023-07-09,0.96875,0.7625,0.7625,0.84375,0.84375,0.9598695555861936,0.8747267578922084
hotel_112,2023-07-10,0.96875,0.76875,0.76875,0.7375,0.7375,0.9598695555861936,0.87460080241635
hotel_112,2023-07-11,0.96875,0.8625,0.8625,0.9875,0.9875,0.9598695555861936,0.8745352960442594
hotel_112,2023-07-12,0.96875,0.89375,0.89375,1.00625,1.00625,0.9598695555861936,0.874501227777237
hotel_112,2023-07-13,0.96875,1.0,1.0,1.0125,1.0125,0.9598695555861936,0.8744835097021726
hotel_112,2023-07-14,0.96875,0.96875,0.96875,1.00625,1.00625,0.9598695555861936,0.8744742949633135
hotel_112,2023-07-15,0.96875,0.75625,1.00625,1.00625,1.00625,0.9598695555861936,0.8744695026022963
hotel_112,2023-07-16,0.96875,0.7625,0.90625,0.90625,0.90625,0.9598695555861936,0.874467010212173
hotel_112,2023-07-17,0.96875,0.76875,0.95,0.95,0.95,0.9598695555861936,0.8744657139808366
hotel_112,2023-07-18,0.96875,0.8625,0.99375,0.99375,0.99375,0.9598695555861936,0.8744650398425218
hotel_112,2023-07-19,0.96875,0.89375,0.9375,0.9375,0.9375,0.9598695555861936,0.8744646892396203
hotel_112,2023-07-20,0.96875,1.0,0.99375,0.99375,0.99375,0.9598695555861936,0.8744645068995992
hotel_112,2023-07-21,0.96875,0.96875,0.7375,0.7375,0.7375,0.9598695555861936,0.8744644120689998
hotel_112,2023-07-22,0.96875,0.75625,0.75625,0.75625,0.75625,0.9598695555861936,0.8744643627499172
hotel_112,2023-07-23,0.96875,0.7625,0.7625,0.7625,0.7625,0.9598695555861936,0.8744643371002647
hotel_112,2023-07-24,0.96875,0.76875,0.76875,0.76875,0.76875,0.9598695555861936,0.8744643237605059
hotel_112,2023-07-25,0.96875,0.8625,0.8625,0.8625,0.8625,0.9598695555861936,0.8744643168228226
hotel_112,2023-07-26,0.96875,0.89375,0.89375,0.89375,0.89375,0.9598695555861936,0.8744643132147025
hotel_112,2023-07-27,0.96875,1.0,1.0,1.0,1.0,0.9598695555861936,0.8744643113382073
hotel_112,2023-07-28,0.96875,0.96875,0.96875,0.96875,0.96875,0.9598695555861936,0.8744643103622879
hotel_126,2023-07-01,0.9880478087649402,1.00398406374502,1.00398406374502,0.9482071713147411,0.9482071713147411,0.9985712378532859,0.9934029707145622
hotel_126,2023-07-02,0.9880478087649402,1.00398406374502,1.00398406374502,0.9880478087649402,0.9880478087649402,0.9985712378532859,0.9974471946502285
hotel_126,2023-07-03,0.9880478087649402,1.00398406374502,0.9960159362549801,1.0159362549800797,1.0159362549800797,0.9985712378532859,0.9974471946502285
hotel_126,2023-07-04,0.9880478087649402,0.9840637450199203,0.9960159362549801,1.0159362549800797,1.0159362549800797,0.9985712378532859,0.9974471946502285
hotel_126,2023-07-05,0.9880478087649402,1.00398406374502,1.00398406374502,1.0079681274900398,1.0079681274900398,0.9985712378532859,0.9974471946502285
hotel_126,2023-07-06,0.9880478087649402,1.00398406374502,0.9880478087649402,0.9960159362549801,0.9960159362549801,0.9985712378532859,0.9974471946502285
hotel_126,2023-07-07,0.9880478087649402,0.9880478087649402,1.00398406374502,0.9920318725099602,0.9920318725099602,0.9985712378532859,0.9974471946502285
hotel_126,2023-07-08,0.9880478087649402,1.00398406374502,1.00398406374502,1.0,1.0,0.9985712378532859,0.9974471946502285
hotel_126,2023-07-09,0.9880478087649402,1.00398406374502,1.00398406374502,1.0,1.0,0.9985712378532859,0.9974471946502285
hotel_126,2023-07-10,0.9880478087649402,1.00398406374502,1.00398406374502,0.9920318725099602,0.9920318725099602,0.9985712378532859,0.9974471946502285
hotel_126,2023-07-11,0.9880478087649402,0.9840637450199203,0.9840637450199203,1.00398406374502,1.00398406374502,0.9985712378532859,0.9974471946502285
hotel_126,2023-07-12,0.9880478087649402,1.00398406374502,1.00398406374502,1.0,1.0,0.9985712378532859,0.9974471946502285
hotel_126,2023-07-13,0.9880478087649402,1.00398406374502,1.00398406374502,1.00398406374502,1.00398406374502,0.9985712378532859,0.9974471946502285
hotel_126,2023-07-14,0.9880478087649402,0.9880478087649402,0.9880478087649402,1.0079681274900398,1.0079681274900398,0.9985712378532859,0.9974471946502285
hotel_126,2023-07-15,0.9880478087649402,1.00398406374502,1.00398406374502,1.00398406374502,1.00398406374502,0.9985712378532859,0.9974471946502285
hotel_126,2023-07-16,0.9880478087649402,1.00398406374502,1.00398406374502,1.00398406374502,1.00398406374502,0.9985712378532859,0.9974471946502285
hotel_126,2023-07-17,0.9880478087649402,1.00398406374502,0.9960159362549801,0.9960159362549801,0.9960159362549801,0.9985712378532859,0.9974471946502285
hotel_126,2023-07-18,0.9880478087649402,0.9840637450199203,0.9960159362549801,0.9960159362549801,0.9960159362549801,0.9985712378532859,0.9974471946502285
hotel_126,2023-07-19,0.9880478087649402,1.00398406374502,1.00398406374502,1.00398406374502,1.00398406374502,0.9985712378532859,0.9974471946502285
hotel_126,2023-07-20,0.9880478087649402,1.00398406374502,0.9880478087649402,0.9880478087649402,0.9880478087649402,0.9985712378532859,0.9974471946502285
hotel_126,2023-07-21,0.9880478087649402,0.9880478087649402,1.00398406374502,1.00398406374502,1.00398406374502,0.9985712378532859,0.9974471946502285
hotel_126,2023-07-22,0.9880478087649402,1.00398406374502,1.00398406374502,1.00398406374502,1.00398406374502,0.9985712378532859,0.9974471946502285
hotel_126,2023-07-23,0.9880478087649402,1.00398406374502,1.00398406374502,1.00398406374502,1.00398406374502,0.9985712378532859,0.9974471946502285
hotel_126,2023-07-24,0.9880478087649402,1.00398406374502,1.00398406374502,1.00398406374502,1.00398406374502,0.9985712378532859,0.9974471946502285
hotel_126,2023-07-25,0.9880478087649402,0.9840637450199203,0.9840637450199203,0.9840637450199203,0.9840637450199203,0.9985712378532859,0.9974471946502285
hotel_126,2023-07-26,0.9880478087649402,1.00398406374502,1.00398406374502,1.00398406374502,1.00398406374502,0.9985712378532859,0.9974471946502285
hotel_126,2023-07-27,0.9880478087649402,1.00398406374502,1.00398406374502,1.00398406374502,1.00398406374502,0.9985712378532859,0.9974471946502285
hotel_126,2023-07-28,0.9880478087649402,0.9880478087649402,0.9880478087649402,0.9880478087649402,0.9880478087649402,0.9985712378532859,0.9974471946502285
hotel_133,2023-07-01,0.9672131147540983,1.0163934426229508,1.0,1.0163934426229508,1.0163934426229508,0.9497102979263091,0.9496487107237164
hotel_133,2023-07-02,0.9672131147540983,0.8852459016393442,0.9836065573770492,0.9180327868852459,0.9180327868852459,0.9497102979263091,0.9496487107237164
hotel_133,2023-07-03,0.9672131147540983,0.9836065573770492,0.9672131147540983,0.9508196721311475,0.9508196721311475,0.9497102979263091,0.9496487107237164
hotel_133,2023-07-04,0.9672131147540983,0.9836065573770492,0.9344262295081968,0.9672131147540983,0.9672131147540983,0.9497102979263091,0.9496487107237164
hotel_133,2023-07-05,0.9672131147540983,0.9508196721311475,0.8524590163934426,0.8852459016393442,0.8852459016393442,0.9497102979263091,0.9496487107237164
hotel_133,2023-07-06,0.9672131147540983,0.9180327868852459,0.819672131147541,0.9508196721311475,0.9508196721311475,0.9497102979263091,0.9496487107237164
hotel_133,2023-07-07,0.9672131147540983,0.9672131147540983,0.9344262295081968,0.9836065573770492,0.9836065573770492,0.9497102979263091,0.9496487107237164
hotel_133,2023-07-08,0.9672131147540983,1.0163934426229508,1.0163934426229508,1.0,1.0,0.9497102979263091,0.9496487107237164
hotel_133,2023-07-09,0.9672131147540983,0.8852459016393442,0.8852459016393442,0.8032786885245902,0.8032786885245902,0.9497102979263091,0.9496487107237164
hotel_133,2023-07-10,0.9672131147540983,0.9836065573770492,0.9836065573770492,0.9344262295081968,0.9344262295081968,0.9497102979263091,0.9496487107237164
hotel_133,2023-07-11,0.9672131147540983,0.9836065573770492,0.9836065573770492,0.9836065573770492,0.9836065573770492,0.9497102979263091,0.9496487107237164
hotel_133,2023-07-12,0.9672131147540983,0.9508196721311475,0.9508196721311475,1.0,1.0,0.9497102979263091,0.9496487107237164
hotel_133,2023-07-13,0.9672131147540983,0.9180327868852459,0.9180327868852459,1.0,1.0,0.9497102979263091,0.9496487107237164
hotel_133,2023-07-14,0.9672131147540983,0.9672131147540983,0.9672131147540983,1.0,1.0,0.9497102979263091,0.9496487107237164
hotel_133,2023-07-15,0.9672131147540983,1.0163934426229508,1.0,1.0,1.0,0.9497102979263091,0.9496487107237164
hotel_133,2023-07-16,0.9672131147540983,0.8852459016393442,0.9836065573770492,0.9836065573770492,0.9836065573770492,0.9497102979263091,0.9496487107237164
hotel_133,2023-07-17,0.9672131147540983,0.9836065573770492,0.9672131147540983,0.9672131147540983,0.9672131147540983,0.9497102979263091,0.9496487107237164
hotel_133,2023-07-18,0.9672131147540983,0.9836065573770492,0.9344262295081968,0.9344262295081968,0.9344262295081968,0.9497102979263091,0.9496487107237164
hotel_133,2023-07-19,0.9672131147540983,0.9508196721311475,0.8524590163934426,0.8524590163934426,0.8524590163934426,0.9497102979263091,0.9496487107237164
hotel_133,2023-07-20,0.9672131147540983,0.9180327868852459,0.819672131147541,0.819672131147541,0.819672131147541,0.9497102979263091,0.9496487107237164
hotel_133,2023-07-21,0.9672131147540983,0.9672131147540983,0.9344262295081968,0.9344262295081968,0.9344262295081968,0.9497102979263091,0.9496487107237164
hotel_133,2023-07-22,0.9672131147540983,1.0163934426229508,1.0163934426229508,1.0163934426229508,1.0163934426229508,0.9497102979263091,0.9496487107237164
hotel_133,2023-07-23,0.9672131147540983,0.8852459016393442,0.8852459016393442,0.8852459016393442,0.8852459016393442,0.9497102979263091,0.9496487107237164
hotel_133,2023-07-24,0.9672131147540983,0.9836065573770492,0.9836065573770492,0.9836065573770492,0.9836065573770492,0.9497102979263091,0.9496487107237164
hotel_133,2023-07-25,0.9672131147540983,0.9836065573770492,0.9836065573770492,0.9836065573770492,0.9836065573770492,0.9497102979263091,0.9496487107237164
hotel_133,2023-07-26,0.9672131147540983,0.9508196721311475,0.9508196721311475,0.9508196721311475,0.9508196721311475,0.9497102979263091,0.9496487107237164
hotel_133,2023-07-27,0.9672131147540983,0.9180327868852459,0.9180327868852459,0.9180327868852459,0.9180327868852459,0.9497102979263091,0.9496487107237164
hotel_133,2023-07-28,0.9672131147540983,0.9672131147540983,0.9672131147540983,0.9672131147540983,0.9672131147540983,0.9497102979263091,0.9496487107237164
hotel_14,2023-07-01,0.5188679245283019,0.6132075471698113,0.6698113207547169,0.660377358490566,0.660377358490566,0.6263467830853648,0.6263477069141753
hotel_14,2023-07-02,0.5188679245283019,0.5660377358490566,0.5,0.4528301886792453,0.4528301886792453,0.6263467830853648,0.6263477069141753
hotel_14,2023-07-03,0.5188679245283019,0.5943396226415094,0.5849056603773585,0.7452830188679245,0.7452830188679245,0.6263467830853648,0.6263477069141753
hotel_14,2023-07-04,0.5188679245283019,0.5377358490566038,0.6698113207547169,0.8490566037735849,0.8490566037735849,0.6263467830853648,0.6263477069141753
hotel_14,2023-07-05,0.5188679245283019,0.5566037735849056,0.7264150943396226,0.8113207547169812,0.8113207547169812,0.6263467830853648,0.6263477069141753
hotel_14,2023-07-06,0.5188679245283019,0.7641509433962265,0.6981132075471698,0.6320754716981132,0.6320754716981132,0.6263467830853648,0.6263477069141753
hotel_14,2023-07-07,0.5188679245283019,0.5188679245283019,0.7264150943396226,0.4716981132075472,0.4716981132075472,0.6263467830853648,0.6263477069141753
hotel_14,2023-07-08,0.5188679245283019,0.6132075471698113,0.6132075471698113,0.5660377358490566,0.5660377358490566,0.6263467830853648,0.6263477069141753
hotel_14,2023-07-09,0.5188679245283019,0.5660377358490566,0.5660377358490566,0.3584905660377358,0.3584905660377358,0.6263467830853648,0.6263477069141753
hotel_14,2023-07-10,0.5188679245283019,0.5943396226415094,0.5943396226415094,0.6792452830188679,0.6792452830188679,0.6263467830853648,0.6263477069141753
hotel_14,2023-07-11,0.5188679245283019,0.5377358490566038,0.5377358490566038,0.6981132075471698,0.6981132075471698,0.6263467830853648,0.6263477069141753
hotel_14,2023-07-12,0.5188679245283019,0.5566037735849056,0.5566037735849056,0.6886792452830188,0.6886792452830188,0.6263467830853648,0.6263477069141753
hotel_14,2023-07-13,0.5188679245283019,0.7641509433962265,0.7641509433962265,0.5849056603773585,0.5849056603773585,0.6263467830853648,0.6263477069141753
hotel_14,2023-07-14,0.5188679245283019,0.5188679245283019,0.5188679245283019,0.6132075471698113,0.6132075471698113,0.6263467830853648,0.6263477069141753
hotel_14,2023-07-15,0.5188679245283019,0.6132075471698113,0.6698113207547169,0.6698113207547169,0.6698113207547169,0.6263467830853648,0.6263477069141753
hotel_14,2023-07-16,0.5188679245283019,0.5660377358490566,0.5,0.5,0.5,0.6263467830853648,0.6263477069141753
hotel_14,2023-07-17,0.5188679245283019,0.5943396226415094,0.5849056603773585,0.5849056603773585,0.5849056603773585,0.6263467830853648,0.6263477069141753
hotel_14,2023-07-18,0.5188679245283019,0.5377358490566038,0.6698113207547169,0.6698113207547169,0.6698113207547169,0.6263467830853648,0.6263477069141753
hotel_14,2023-07-19,0.5188679245283019,0.5566037735849056,0.7264150943396226,0.7264150943396226,0.7264150943396226,0.6263467830853648,0.6263477069141753
hotel_14,2023-07-20,0.5188679245283019,0.7641509433962265,0.6981132075471698,0.6981132075471698,0.6981132075471698,0.6263467830853648,0.6263477069141753
hotel_14,2023-07-21,0.5188679245283019,0.5188679245283019,0.7264150943396226,0.7264150943396226,0.7264150943396226,0.6263467830853648,0.6263477069141753
hotel_14,2023-07-22,0.5188679245283019,0.6132075471698113,0.6132075471698113,0.6132075471698113,0.6132075471698113,0.6263467830853648,0.6263477069141753
hotel_14,2023-07-23,0.5188679245283019,0.5660377358490566,0.5660377358490566,0.5660377358490566,0.5660377358490566,0.6263467830853648,0.6263477069141753
hotel_14,2023-07-24,0.5188679245283019,0.5943396226415094,0.5943396226415094,0.5943396226415094,0.5943396226415094,0.6263467830853648,0.6263477069141753
hotel_14,2023-07-25,0.5188679245283019,0.5377358490566038,0.5377358490566038,0.5377358490566038,0.5377358490566038,0.6263467830853648,0.6263477069141753
hotel_14,2023-07-26,0.5188679245283019,0.5566037735849056,0.5566037735849056,0.5566037735849056,0.5566037735849056,0.6263467830853648,0.6263477069141753
hotel_14,2023-07-27,0.5188679245283019,0.7641509433962265,0.7641509433962265,0.7641509433962265,0.7641509433962265,0.6263467830853648,0.6263477069141753
hotel_14,2023-07-28,0.5188679245283019,0.5188679245283019,0.5188679245283019,0.5188679245283019,0.5188679245283019,0.6263467830853648,0.6263477069141753
hotel_21,2023-07-01,0.9074074074074074,1.0,1.0,1.0046296296296295,1.0046296296296295,0.9803656787627331,0.980324074074074
hotel_21,2023-07-02,0.9074074074074074,0.9166666666666666,0.9583333333333334,0.9814814814814815,0.9814814814814815,0.9803656787627331,0.980324074074074
hotel_21,2023-07-03,0.9074074074074074,0.9861111111111112,0.9768518518518519,1.0,1.0,0.9803656787627331,0.980324074074074
hotel_21,2023-07-04,0.9074074074074074,1.0,0.9814814814814815,0.9675925925925926,0.9675925925925926,0.9803656787627331,0.980324074074074
hotel_21,2023-07-05,0.9074074074074074,0.9953703703703703,0.9629629629629629,0.9583333333333334,0.9583333333333334,0.9803656787627331,0.980324074074074
hotel_21,2023-07-06,0.9074074074074074,0.9907407407407407,0.9814814814814815,1.0,1.0,0.9803656787627331,0.980324074074074
hotel_21,2023-07-07,0.9074074074074074,0.9074074074074074,0.9351851851851852,0.9907407407407407,0.9907407407407407,0.9803656787627331,0.980324074074074
hotel_21,2023-07-08,0.9074074074074074,1.0,1.0,1.0231481481481481,1.0231481481481481,0.9803656787627331,0.980324074074074
hotel_21,2023-07-09,0.9074074074074074,0.9166666666666666,0.9166666666666666,0.9861111111111112,0.9861111111111112,0.9803656787627331,0.980324074074074
hotel_21,2023-07-10,0.9074074074074074,0.9861111111111112,0.9861111111111112,1.0,1.0,0.9803656787627331,0.980324074074074
hotel_21,2023-07-11,0.9074074074074074,1.0,1.0,0.9768518518518519,0.9768518518518519,0.9803656787627331,0.980324074074074
hotel_21,2023-07-12,0.9074074074074074,0.9953703703703703,0.9953703703703703,0.9722222222222222,0.9722222222222222,0.9803656787627331,0.980324074074074
hotel_21,2023-07-13,0.9074074074074074,0.9907407407407407,0.9907407407407407,0.9953703703703703,0.9953703703703703,0.9803656787627331,0.980324074074074
hotel_21,2023-07-14,0.9074074074074074,0.9074074074074074,0.9074074074074074,1.0,1.0,0.9803656787627331,0.980324074074074
hotel_21,2023-07-15,0.9074074074074074,1.0,1.0,1.0,1.0,0.9803656787627331,0.980324074074074
hotel_21,2023-07-16,0.9074074074074074,0.9166666666666666,0.9583333333333334,0.9583333333333334,0.9583333333333334,0.9803656787627331,0.980324074074074
hotel_21,2023-07-17,0.9074074074074074,0.9861111111111112,0.9768518518518519,0.9768518518518519,0.9768518518518519,0.9803656787627331,0.980324074074074
hotel_21,2023-07-18,0.9074074074074074,1.0,0.9814814814814815,0.9814814814814815,0.9814814814814815,0.9803656787627331,0.980324074074074
hotel_21,2023-07-19,0.9074074074074074,0.9953703703703703,0.9629629629629629,0.9629629629629629,0.9629629629629629,0.9803656787627331,0.980324074074074
hotel_21,2023-07-20,0.9074074074074074,0.9907407407407407,0.9814814814814815,0.9814814814814815,0.9814814814814815,0.9803656787627331,0.980324074074074
hotel_21,2023-07-21,0.9074074074074074,0.9074074074074074,0.9351851851851852,0.9351851851851852,0.9351851851851852,0.9803656787627331,0.980324074074074
hotel_21,2023-07-22,0.9074074074074074,1.0,1.0,1.0,1.0,0.9803656787627331,0.980324074074074
hotel_21,2023-07-23,0.9074074074074074,0.9166666666666666,0.9166666666666666,0.9166666666666666,0.9166666666666666,0.9803656787627331,0.980324074074074
hotel_21,2023-07-24,0.9074074074074074,0.9861111111111112,0.9861111111111112,0.9861111111111112,0.9861111111111112,0.9803656787627331,0.980324074074074
hotel_21,2023-07-25,0.9074074074074074,1.0,1.0,1.0,1.0,0.9803656787627331,0.980324074074074
hotel_21,2023-07-26,0.9074074074074074,0.9953703703703703,0.9953703703703703,0.9953703703703703,0.9953703703703703,0.9803656787627331,0.980324074074074
hotel_21,2023-07-27,0.9074074074074074,0.9907407407407407,0.9907407407407407,0.9907407407407407,0.9907407407407407,0.9803656787627331,0.980324074074074
hotel_21,2023-07-28,0.9074074074074074,0.9074074074074074,0.9074074074074074,0.9074074074074074,0.9074074074074074,0.9803656787627331,0.980324074074074
hotel_35,2023-07-01,0.6953125,0.72265625,0.630859375,0.533203125,0.533203125,0.6953234383984629,0.6953125
hotel_35,2023-07-02,0.6953125,0.7421875,0.56640625,0.568359375,0.568359375,0.6953234383984629,0.6953125
hotel_35,2023-07-03,0.6953125,0.8359375,0.619140625,0.60546875,0.60546875,0.6953234383984629,0.6953125
hotel_35,2023-07-04,0.6953125,0.919921875,0.58203125,0.595703125,0.595703125,0.6953234383984629,0.6953125
hotel_35,2023-07-05,0.6953125,0.89453125,0.59375,0.65625,0.65625,0.6953234383984629,0.6953125
hotel_35,2023-07-06,0.6953125,0.8046875,0.77734375,0.654296875,0.654296875,0.6953234383984629,0.6953125
hotel_35,2023-07-07,0.6953125,0.6953125,0.859375,0.705078125,0.705078125,0.6953234383984629,0.6953125
hotel_35,2023-07-08,0.6953125,0.72265625,0.72265625,0.587890625,0.587890625,0.6953234383984629,0.6953125
hotel_35,2023-07-09,0.6953125,0.7421875,0.7421875,0.599609375,0.599609375,0.6953234383984629,0.6953125
hotel_35,2023-07-10,0.6953125,0.8359375,0.8359375,0.70703125,0.70703125,0.6953234383984629,0.6953125
hotel_35,2023-07-11,0.6953125,0.919921875,0.919921875,0.78125,0.78125,0.6953234383984629,0.6953125
hotel_35,2023-07-12,0.6953125,0.89453125,0.89453125,0.8359375,0.8359375,0.6953234383984629,0.6953125
hotel_35,2023-07-13,0.6953125,0.8046875,0.8046875,0.83203125,0.83203125,0.6953234383984629,0.6953125
hotel_35,2023-07-14,0.6953125,0.6953125,0.6953125,0.693359375,0.693359375,0.6953234383984629,0.6953125
hotel_35,2023-07-15,0.6953125,0.72265625,0.630859375,0.630859375,0.630859375,0.6953234383984629,0.6953125
hotel_35,2023-07-16,0.6953125,0.7421875,0.56640625,0.56640625,0.56640625,0.6953234383984629,0.6953125
hotel_35,2023-07-17,0.6953125,0.8359375,0.619140625,0.619140625,0.619140625,0.6953234383984629,0.6953125
hotel_35,2023-07-18,0.6953125,0.919921875,0.58203125,0.58203125,0.58203125,0.6953234383984629,0.6953125
hotel_35,2023-07-19,0.6953125,0.89453125,0.59375,0.59375,0.59375,0.6953234383984629,0.6953125
hotel_35,2023-07-20,0.6953125,0.8046875,0.77734375,0.77734375,0.77734375,0.6953234383984629,0.6953125
hotel_35,2023-07-21,0.6953125,0.6953125,0.859375,0.859375,0.859375,0.6953234383984629,0.6953125
hotel_35,2023-07-22,0.6953125,0.72265625,0.72265625,0.72265625,0.72265625,0.6953234383984629,0.6953125
hotel_35,2023-07-23,0.6953125,0.7421875,0.7421875,0.7421875,0.7421875,0.6953234383984629,0.6953125
hotel_35,2023-07-24,0.6953125,0.8359375,0.8359375,0.8359375,0.8359375,0.6953234383984629,0.6953125
hotel_35,2023-07-25,0.6953125,0.919921875,0.919921875,0.919921875,0.919921875,0.6953234383984629,0.6953125
hotel_35,2023-07-26,0.6953125,0.89453125,0.89453125,0.89453125,0.89453125,0.6953234383984629,0.6953125
hotel_35,2023-07-27,0.6953125,0.8046875,0.8046875,0.8046875,0.8046875,0.6953234383984629,0.6953125
hotel_35,2023-07-28,0.6953125,0.6953125,0.6953125,0.6953125,0.6953125,0.6953234383984629,0.6953125
hotel_42,2023-07-01,0.7611336032388664,0.902834008097166,0.8906882591093117,0.6720647773279352,0.6720647773279352,0.7366771912121499,0.725638504413104
hotel_42,2023-07-02,0.7611336032388664,0.38461538461538464,0.30364372469635625,0.562753036437247,0.562753036437247,0.7366771912121499,0.7268828901622538
hotel_42,2023-07-03,0.7611336032388664,0.7246963562753036,0.4493927125506073,0.7408906882591093,0.7408906882591093,0.7366771912121499,0.7441723742466445
hotel_42,2023-07-04,0.7611336032388664,0.97165991902834,0.6680161943319838,0.8623481781376519,0.8623481781376519,0.7366771912121499,0.745820524000048
hotel_42,2023-07-05,0.7611336032388664,0.8947368421052632,0.951417004048583,0.6761133603238867,0.6761133603238867,0.7366771912121499,0.7376920875623192
hotel_42,2023-07-06,0.7611336032388664,0.7732793522267206,0.7732793522267206,0.7004048582995951,0.7004048582995951,0.7366771912121499,0.7358396407817633
hotel_42,2023-07-07,0.7611336032388664,0.7611336032388664,0.8906882591093117,0.8502024291497976,0.8502024291497976,0.7366771912121499,0.7395209767786363
hotel_42,2023-07-08,0.7611336032388664,0.902834008097166,0.902834008097166,0.9473684210526315,0.9473684210526315,0.7366771912121499,0.7408936297457369
hotel_42,2023-07-09,0.7611336032388664,0.38461538461538464,0.38461538461538464,0.4291497975708502,0.4291497975708502,0.7366771912121499,0.7392957770676265
hotel_42,2023-07-10,0.7611336032388664,0.7246963562753036,0.7246963562753036,0.4898785425101215,0.4898785425101215,0.7366771912121499,0.7384256121993388
hotel_42,2023-07-11,0.7611336032388664,0.97165991902834,0.97165991902834,1.0121457489878543,1.0121457489878543,0.7366771912121499,0.7390834621585455
hotel_42,2023-07-12,0.7611336032388664,0.8947368421052632,0.8947368421052632,0.9959514170040485,0.9959514170040485,0.7366771912121499,0.739588905229169
hotel_42,2023-07-13,0.7611336032388664,0.7732793522267206,0.7732793522267206,0.6072874493927125,0.6072874493927125,0.7366771912121499,0.7393372054634821
hotel_42,2023-07-14,0.7611336032388664,0.7611336032388664,0.7611336032388664,0.7489878542510121,0.7489878542510121,0.7366771912121499,0.7390605760684928
hotel_42,2023-07-15,0.7611336032388664,0.902834008097166,0.8906882591093117,0.8906882591093117,0.8906882591093117,0.7366771912121499,0.7391460526748656
hotel_42,2023-07-16,0.7611336032388664,0.38461538461538464,0.30364372469635625,0.30364372469635625,0.30364372469635625,0.7366771912121499,0.739290652954757
hotel_42,2023-07-17,0.7611336032388664,0.7246963562753036,0.4493927125506073,0.4493927125506073,0.4493927125506073,0.7366771912121499,0.7392682136697707
hotel_42,2023-07-18,0.7611336032388664,0.97165991902834,0.6680161943319838,0.6680161943319838,0.6680161943319838,0.7366771912121499,0.739195520532977
hotel_42,2023-07-19,0.7611336032388664,0.8947368421052632,0.951417004048583,0.951417004048583,0.951417004048583,0.7366771912121499,0.7391968940677152
hotel_42,2023-07-20,0.7611336032388664,0.7732793522267206,0.7732793522267206,0.7732793522267206,0.7732793522267206,0.7366771912121499,0.7392321497205923
hotel_42,2023-07-21,0.7611336032388664,0.7611336032388664,0.8906882591093117,0.8906882591093117,0.8906882591093117,0.7366771912121499,0.739236072168628
hotel_42,2023-07-22,0.7611336032388664,0.902834008097166,0.902834008097166,0.902834008097166,0.902834008097166,0.7366771912121499,0.7392195702060835
hotel_42,2023-07-23,0.7611336032388664,0.38461538461538464,0.38461538461538464,0.38461538461538464,0.38461538461538464,0.7366771912121499,0.7392155312981504
hotel_42,2023-07-24,0.7611336032388664,0.7246963562753036,0.7246963562753036,0.7246963562753036,0.7246963562753036,0.7366771912121499,0.7392229687938546
hotel_42,2023-07-25,0.7611336032388664,0.97165991902834,0.97165991902834,0.97165991902834,0.97165991902834,0.7366771912121499,0.7392258850048761
hotel_42,2023-07-26,0.7611336032388664,0.8947368421052632,0.8947368421052632,0.8947368421052632,0.8947368421052632,0.7366771912121499,0.7392226754217464
hotel_42,2023-07-27,0.7611336032388664,0.7732793522267206,0.7732793522267206,0.7732793522267206,0.7732793522267206,0.7366771912121499,0.7392208508193512
hotel_42,2023-07-28,0.7611336032388664,0.7611336032388664,0.7611336032388664,0.7611336032388664,0.7611336032388664,0.7366771912121499,0.7392221622555792
hotel_49,2023-07-01,0.6593886462882096,0.7248908296943232,0.6899563318777293,0.7292576419213974,0.7292576419213974,0.6664261123215385,0.6664067373674358
hotel_49,2023-07-02,0.6593886462882096,0.62882096069869,0.6244541484716157,0.5676855895196506,0.5676855895196506,0.6664261123215385,0.6664067373674358
hotel_49,2023-07-03,0.6593886462882096,0.6724890829694323,0.5807860262008734,0.6637554585152838,0.6637554585152838,0.6664261123215385,0.6664067373674358
hotel_49,2023-07-04,0.6593886462882096,0.7074235807860262,0.6855895196506551,0.6157205240174672,0.6157205240174672,0.6664261123215385,0.6664067373674358
hotel_49,2023-07-05,0.6593886462882096,0.7030567685589519,0.7117903930131004,0.6462882096069869,0.6462882096069869,0.6664261123215385,0.6664067373674358
hotel_49,2023-07-06,0.6593886462882096,0.6593886462882096,0.6331877729257642,0.5895196506550219,0.5895196506550219,0.6664261123215385,0.6664067373674358
hotel_49,2023-07-07,0.6593886462882096,0.6593886462882096,0.6943231441048034,0.6550218340611353,0.6550218340611353,0.6664261123215385,0.6664067373674358
hotel_49,2023-07-08,0.6593886462882096,0.7248908296943232,0.7248908296943232,0.7336244541484717,0.7336244541484717,0.6664261123215385,0.6664067373674358
hotel_49,2023-07-09,0.6593886462882096,0.62882096069869,0.62882096069869,0.6768558951965066,0.6768558951965066,0.6664261123215385,0.6664067373674358
hotel_49,2023-07-10,0.6593886462882096,0.6724890829694323,0.6724890829694323,0.6331877729257642,0.6331877729257642,0.6664261123215385,0.6664067373674358
hotel_49,2023-07-11,0.6593886462882096,0.7074235807860262,0.7074235807860262,0.7336244541484717,0.7336244541484717,0.6664261123215385,0.6664067373674358
hotel_49,2023-07-12,0.6593886462882096,0.7030567685589519,0.7030567685589519,0.6724890829694323,0.6724890829694323,0.6664261123215385,0.6664067373674358
hotel_49,2023-07-13,0.6593886462882096,0.6593886462882096,0.6593886462882096,0.6550218340611353,0.6550218340611353,0.6664261123215385,0.6664067373674358
hotel_49,2023-07-14,0.6593886462882096,0.6593886462882096,0.6593886462882096,0.7117903930131004,0.7117903930131004,0.6664261123215385,0.6664067373674358
hotel_49,2023-07-15,0.6593886462882096,0.7248908296943232,0.6899563318777293,0.6899563318777293,0.6899563318777293,0.6664261123215385,0.6664067373674358
hotel_49,2023-07-16,0.6593886462882096,0.62882096069869,0.6244541484716157,0.6244541484716157,0.6244541484716157,0.6664261123215385,0.6664067373674358
hotel_49,2023-07-17,0.6593886462882096,0.6724890829694323,0.5807860262008734,0.5807860262008734,0.5807860262008734,0.6664261123215385,0.6664067373674358
hotel_49,2023-07-18,0.6593886462882096,0.7074235807860262,0.6855895196506551,0.6855895196506551,0.6855895196506551,0.6664261123215385,0.6664067373674358
hotel_49,2023-07-19,0.6593886462882096,0.7030567685589519,0.7117903930131004,0.7117903930131004,0.7117903930131004,0.6664261123215385,0.6664067373674358
hotel_49,2023-07-20,0.6593886462882096,0.6593886462882096,0.6331877729257642,0.6331877729257642,0.6331877729257642,0.6664261123215385,0.6664067373674358
hotel_49,2023-07-21,0.6593886462882096,0.6593886462882096,0.6943231441048034,0.6943231441048034,0.6943231441048034,0.6664261123215385,0.6664067373674358
hotel_49,2023-07-22,0.6593886462882096,0.7248908296943232,0.7248908296943232,0.7248908296943232,0.7248908296943232,0.6664261123215385,0.6664067373674358
hotel_49,2023-07-23,0.6593886462882096,0.62882096069869,0.62882096069869,0.62882096069869,0.62882096069869,0.6664261123215385,0.6664067373674358
hotel_49,2023-07-24,0.6593886462882096,0.6724890829694323,0.6724890829694323,0.6724890829694323,0.6724890829694323,0.6664261123215385,0.6664067373674358
hotel_49,2023-07-25,0.6593886462882096,0.7074235807860262,0.7074235807860262,0.7074235807860262,0.7074235807860262,0.6664261123215385,0.6664067373674358
hotel_49,2023-07-26,0.6593886462882096,0.7030567685589519,0.7030567685589519,0.7030567685589519,0.7030567685589519,0.6664261123215385,0.6664067373674358
hotel_49,2023-07-27,0.6593886462882096,0.6593886462882096,0.6593886462882096,0.6593886462882096,0.6593886462882096,0.6664261123215385,0.6664067373674358
hotel_49,2023-07-28,0.6593886462882096,0.6593886462882096,0.6593886462882096,0.6593886462882096,0.6593886462882096,0.6664261123215385,0.6664067373674358
hotel_56,2023-07-01,0.9583333333333334,1.0083333333333333,0.95,0.9833333333333333,0.9833333333333333,0.9404325426984717,0.990967927671028
hotel_56,2023-07-02,0.9583333333333334,1.0,0.75,0.7666666666666667,0.7666666666666667,0.9404325426984717,0.9086981280303001
hotel_56,2023-07-03,0.9583333333333334,1.0,0.85,0.875,0.875,0.9404325426984717,0.9428291614333363
hotel_56,2023-07-04,0.9583333333333334,1.0166666666666666,1.0083333333333333,1.0,1.0,0.9404325426984717,0.9428291614333363
hotel_56,2023-07-05,0.9583333333333334,0.9833333333333333,0.9416666666666667,0.925,0.925,0.9404325426984717,0.9428291614333363
hotel_56,2023-07-06,0.9583333333333334,0.8666666666666667,0.9083333333333333,0.8833333333333333,0.8833333333333333,0.9404325426984717,0.9428291614333363
hotel_56,2023-07-07,0.9583333333333334,0.9583333333333334,0.9666666666666667,1.0166666666666666,1.0166666666666666,0.9404325426984717,0.9428291614333363
hotel_56,2023-07-08,0.9583333333333334,1.0083333333333333,1.0083333333333333,1.0083333333333333,1.0083333333333333,0.9404325426984717,0.9428291614333363
hotel_56,2023-07-09,0.9583333333333334,1.0,1.0,0.725,0.725,0.9404325426984717,0.9428291614333363
hotel_56,2023-07-10,0.9583333333333334,1.0,1.0,0.9416666666666667,0.9416666666666667,0.9404325426984717,0.9428291614333363
hotel_56,2023-07-11,0.9583333333333334,1.0166666666666666,1.0166666666666666,1.05,1.05,0.9404325426984717,0.9428291614333363
hotel_56,2023-07-12,0.9583333333333334,0.9833333333333333,0.9833333333333333,1.0083333333333333,1.0083333333333333,0.9404325426984717,0.9428291614333363
hotel_56,2023-07-13,0.9583333333333334,0.8666666666666667,0.8666666666666667,0.975,0.975,0.9404325426984717,0.9428291614333363
hotel_56,2023-07-14,0.9583333333333334,0.9583333333333334,0.9583333333333334,0.9666666666666667,0.9666666666666667,0.9404325426984717,0.9428291614333363
hotel_56,2023-07-15,0.9583333333333334,1.0083333333333333,0.95,0.95,0.95,0.9404325426984717,0.9428291614333363
hotel_56,2023-07-16,0.9583333333333334,1.0,0.75,0.75,0.75,0.9404325426984717,0.9428291614333363
hotel_56,2023-07-17,0.9583333333333334,1.0,0.85,0.85,0.85,0.9404325426984717,0.9428291614333363
hotel_56,2023-07-18,0.9583333333333334,1.0166666666666666,1.0083333333333333,1.0083333333333333,1.0083333333333333,0.9404325426984717,0.9428291614333363
hotel_56,2023-07-19,0.9583333333333334,0.9833333333333333,0.9416666666666667,0.9416666666666667,0.9416666666666667,0.9404325426984717,0.9428291614333363
hotel_56,2023-07-20,0.9583333333333334,0.8666666666666667,0.9083333333333333,0.9083333333333333,0.9083333333333333,0.9404325426984717,0.9428291614333363
hotel_56,2023-07-21,0.9583333333333334,0.9583333333333334,0.9666666666666667,0.9666666666666667,0.9666666666666667,0.9404325426984717,0.9428291614333363
hotel_56,2023-07-22,0.9583333333333334,1.0083333333333333,1.0083333333333333,1.0083333333333333,1.0083333333333333,0.9404325426984717,0.9428291614333363
hotel_56,2023-07-23,0.9583333333333334,1.0,1.0,1.0,1.0,0.9404325426984717,0.9428291614333363
hotel_56,2023-07-24,0.9583333333333334,1.0,1.0,1.0,1.0,0.9404325426984717,0.9428291614333363
hotel_56,2023-07-25,0.9583333333333334,1.0166666666666666,1.0166666666666666,1.0166666666666666,1.0166666666666666,0.9404325426984717,0.9428291614333363
hotel_56,2023-07-26,0.9583333333333334,0.9833333333333333,0.9833333333333333,0.9833333333333333,0.9833333333333333,0.9404325426984717,0.9428291614333363
hotel_56,2023-07-27,0.9583333333333334,0.8666666666666667,0.8666666666666667,0.8666666666666667,0.8666666666666667,0.9404325426984717,0.9428291614333363
hotel_56,2023-07-28,0.9583333333333334,0.9583333333333334,0.9583333333333334,0.9583333333333334,0.9583333333333334,0.9404325426984717,0.9428291614333363
hotel_63,2023-07-01,0.8666666666666667,0.84,1.0,0.7555555555555555,0.7555555555555555,0.8475167995414816,0.8422934293725525
hotel_63,2023-07-02,0.8666666666666667,0.6311111111111111,0.8533333333333334,0.43555555555555553,0.43555555555555553,0.8475167995414816,0.8540621352252175
hotel_63,2023-07-03,0.8666666666666667,0.8444444444444444,0.7022222222222222,0.5422222222222223,0.5422222222222223,0.8475167995414816,0.8637331121445626
hotel_63,2023-07-04,0.8666666666666667,0.8844444444444445,0.7777777777777778,0.6,0.6,0.8475167995414816,0.8568670393788259
hotel_63,2023-07-05,0.8666666666666667,0.8266666666666667,0.7688888888888888,0.6666666666666666,0.6666666666666666,0.8475167995414816,0.8533439319524441
hotel_63,2023-07-06,0.8666666666666667,0.8844444444444445,0.9155555555555556,0.6755555555555556,0.6755555555555556,0.8475167995414816,0.8570465706642189
hotel_63,2023-07-07,0.8666666666666667,0.8666666666666667,0.9955555555555555,0.8888888888888888,0.8888888888888888,0.8475167995414816,0.8581581684677599
hotel_63,2023-07-08,0.8666666666666667,0.84,0.84,0.9688888888888889,0.9688888888888889,0.8475167995414816,0.8562742314541945
hotel_63,2023-07-09,0.8666666666666667,0.6311111111111111,0.6311111111111111,0.5866666666666667,0.5866666666666667,0.8475167995414816,0.8560258881420891
hotel_63,2023-07-10,0.8666666666666667,0.8444444444444444,0.8444444444444444,0.68,0.68,0.8475167995414816,0.8569390687811829
hotel_63,2023-07-11,0.8666666666666667,0.8844444444444445,0.8844444444444445,0.8177777777777778,0.8177777777777778,0.8475167995414816,0.8569241269639166
hotel_63,2023-07-12,0.8666666666666667,0.8266666666666667,0.8266666666666667,0.6933333333333334,0.6933333333333334,0.8475167995414816,0.8565008487370042
hotel_63,2023-07-13,0.8666666666666667,0.8844444444444445,0.8844444444444445,0.7555555555555555,0.7555555555555555,0.8475167995414816,0.8565683617874272
hotel_63,2023-07-14,0.8666666666666667,0.8666666666666667,0.8666666666666667,0.9288888888888889,0.9288888888888889,0.8475167995414816,0.8567558927261643
hotel_63,2023-07-15,0.8666666666666667,0.84,1.0,1.0,1.0,0.8475167995414816,0.8566976136809769
hotel_63,2023-07-16,0.8666666666666667,0.6311111111111111,0.8533333333333334,0.8533333333333334,0.8533333333333334,0.8475167995414816,0.856618587361591
hotel_63,2023-07-17,0.8666666666666667,0.8444444444444444,0.7022222222222222,0.7022222222222222,0.7022222222222222,0.8475167995414816,0.8566570424681151
hotel_63,2023-07-18,0.8666666666666667,0.8844444444444445,0.7777777777777778,0.7777777777777778,0.7777777777777778,0.8475167995414816,0.8566883565802629
hotel_63,2023-07-19,0.8666666666666667,0.8266666666666667,0.7688888888888888,0.7688888888888888,0.7688888888888888,0.8475167995414816,0.8566659621727268
hotel_63,2023-07-20,0.8666666666666667,0.8844444444444445,0.9155555555555556,0.9155555555555556,0.9155555555555556,0.8475167995414816,0.8566545777731076
hotel_63,2023-07-21,0.8666666666666667,0.8666666666666667,0.9955555555555555,0.9955555555555555,0.9955555555555555,0.8475167995414816,0.8566666390659272
hotel_63,2023-07-22,0.8666666666666667,0.84,0.84,0.84,0.84,0.8475167995414816,0.8566702171868439
hotel_63,2023-07-23,0.8666666666666667,0.6311111111111111,0.6311111111111111,0.6311111111111111,0.6311111111111111,0.8475167995414816,0.8566640864249657
hotel_63,2023-07-24,0.8666666666666667,0.8444444444444444,0.8444444444444444,0.8444444444444444,0.8444444444444444,0.8475167995414816,0.8566632965546035
hotel_63,2023-07-25,0.8666666666666667,0.8844444444444445,0.8844444444444445,0.8844444444444445,0.8844444444444445,0.8475167995414816,0.8566662656359578
hotel_63,2023-07-26,0.8666666666666667,0.8266666666666667,0.8266666666666667,0.8266666666666667,0.8266666666666667,0.8475167995414816,0.8566662088630816
hotel_63,2023-07-27,0.8666666666666667,0.8844444444444445,0.8844444444444445,0.8844444444444445,0.8844444444444445,0.8475167995414816,0.8566648338039499
hotel_63,2023-07-28,0.8666666666666667,0.8666666666666667,0.8666666666666667,0.8666666666666667,0.8666666666666667,0.8475167995414816,0.8566650569618717
hotel_7,2023-07-01,0.6498371335504886,0.33876221498371334,0.4495114006514658,0.6938110749185668,0.6938110749185668,0.6498273605210113,0.6498371335504886
hotel_7,2023-07-02,0.6498371335504886,0.3289902280130293,0.4381107491856677,0.50814332247557,0.50814332247557,0.6498273605210113,0.6498371335504886
hotel_7,2023-07-03,0.6498371335504886,0.247557003257329,0.4560260586319218,0.509771986970684,0.509771986970684,0.6498273605210113,0.6498371335504886
hotel_7,2023-07-04,0.6498371335504886,0.28664495114006516,0.34364820846905536,0.5700325732899023,0.5700325732899023,0.6498273605210113,0.6498371335504886
hotel_7,2023-07-05,0.6498371335504886,0.44788273615635177,0.41042345276872966,0.6905537459283387,0.6905537459283387,0.6498273605210113,0.6498371335504886
hotel_7,2023-07-06,0.6498371335504886,0.5521172638436482,0.3745928338762215,0.7214983713355049,0.7214983713355049,0.6498273605210113,0.6498371335504886
hotel_7,2023-07-07,0.6498371335504886,0.6498371335504886,0.4169381107491857,0.7019543973941368,0.7019543973941368,0.6498273605210113,0.6498371335504886
hotel_7,2023-07-08,0.6498371335504886,0.33876221498371334,0.33876221498371334,0.5146579804560261,0.5146579804560261,0.6498273605210113,0.6498371335504886
hotel_7,2023-07-09,0.6498371335504886,0.3289902280130293,0.3289902280130293,0.5684039087947883,0.5684039087947883,0.6498273605210113,0.6498371335504886
hotel_7,2023-07-10,0.6498371335504886,0.247557003257329,0.247557003257329,0.5863192182410424,0.5863192182410424,0.6498273605210113,0.6498371335504886
hotel_7,2023-07-11,0.6498371335504886,0.28664495114006516,0.28664495114006516,0.5488599348534202,0.5488599348534202,0.6498273605210113,0.6498371335504886
hotel_7,2023-07-12,0.6498371335504886,0.44788273615635177,0.44788273615635177,0.6400651465798045,0.6400651465798045,0.6498273605210113,0.6498371335504886
hotel_7,2023-07-13,0.6498371335504886,0.5521172638436482,0.5521172638436482,0.6710097719869706,0.6710097719869706,0.6498273605210113,0.6498371335504886
hotel_7,2023-07-14,0.6498371335504886,0.6498371335504886,0.6498371335504886,0.6742671009771987,0.6742671009771987,0.6498273605210113,0.6498371335504886
hotel_7,2023-07-15,0.6498371335504886,0.33876221498371334,0.4495114006514658,0.4495114006514658,0.4495114006514658,0.6498273605210113,0.6498371335504886
hotel_7,2023-07-16,0.6498371335504886,0.3289902280130293,0.4381107491856677,0.4381107491856677,0.4381107491856677,0.6498273605210113,0.6498371335504886
hotel_7,2023-07-17,0.6498371335504886,0.247557003257329,0.4560260586319218,0.4560260586319218,0.4560260586319218,0.6498273605210113,0.6498371335504886
hotel_7,2023-07-18,0.6498371335504886,0.28664495114006516,0.34364820846905536,0.34364820846905536,0.34364820846905536,0.6498273605210113,0.6498371335504886
hotel_7,2023-07-19,0.6498371335504886,0.44788273615635177,0.41042345276872966,0.41042345276872966,0.41042345276872966,0.6498273605210113,0.6498371335504886
hotel_7,2023-07-20,0.6498371335504886,0.5521172638436482,0.3745928338762215,0.3745928338762215,0.3745928338762215,0.6498273605210113,0.6498371335504886
hotel_7,2023-07-21,0.6498371335504886,0.6498371335504886,0.4169381107491857,0.4169381107491857,0.4169381107491857,0.6498273605210113,0.6498371335504886
hotel_7,2023-07-22,0.6498371335504886,0.33876221498371334,0.33876221498371334,0.33876221498371334,0.33876221498371334,0.6498273605210113,0.6498371335504886
hotel_7,2023-07-23,0.6498371335504886,0.3289902280130293,0.3289902280130293,0.3289902280130293,0.3289902280130293,0.6498273605210113,0.6498371335504886
hotel_7,2023-07-24,0.6498371335504886,0.247557003257329,0.247557003257329,0.247557003257329,0.247557003257329,0.6498273605210113,0.6498371335504886
hotel_7,2023-07-25,0.6498371335504886,0.28664495114006516,0.28664495114006516,0.28664495114006516,0.28664495114006516,0.6498273605210113,0.6498371335504886
hotel_7,2023-07-26,0.6498371335504886,0.44788273615635177,0.44788273615635177,0.44788273615635177,0.44788273615635177,0.6498273605210113,0.6498371335504886
hotel_7,2023-07-27,0.6498371335504886,0.5521172638436482,0.5521172638436482,0.5521172638436482,0.5521172638436482,0.6498273605210113,0.6498371335504886
hotel_7,2023-07-28,0.6498371335504886,0.6498371335504886,0.6498371335504886,0.6498371335504886,0.6498371335504886,0.6498273605210113,0.6498371335504886
hotel_70,2023-07-01,0.8377192982456141,0.7982456140350878,0.7368421052631579,0.5964912280701754,0.5964912280701754,0.8377114034210131,0.8377192982456141
hotel_70,2023-07-02,0.8377192982456141,0.6535087719298246,0.6447368421052632,0.4649122807017544,0.4649122807017544,0.8377114034210131,0.8377192982456141
hotel_70,2023-07-03,0.8377192982456141,0.7105263157894737,0.5701754385964912,0.4473684210526316,0.4473684210526316,0.8377114034210131,0.8377192982456141
hotel_70,2023-07-04,0.8377192982456141,0.7105263157894737,0.6096491228070176,0.5131578947368421,0.5131578947368421,0.8377114034210131,0.8377192982456141
hotel_70,2023-07-05,0.8377192982456141,0.75,0.5526315789473685,0.5877192982456141,0.5877192982456141,0.8377114034210131,0.8377192982456141
hotel_70,2023-07-06,0.8377192982456141,0.7587719298245614,0.5482456140350878,0.6140350877192983,0.6140350877192983,0.8377114034210131,0.8377192982456141
hotel_70,2023-07-07,0.8377192982456141,0.8377192982456141,0.6403508771929824,0.6403508771929824,0.6403508771929824,0.8377114034210131,0.8377192982456141
hotel_70,2023-07-08,0.8377192982456141,0.7982456140350878,0.7982456140350878,0.6403508771929824,0.6403508771929824,0.8377114034210131,0.8377192982456141
hotel_70,2023-07-09,0.8377192982456141,0.6535087719298246,0.6535087719298246,0.5877192982456141,0.5877192982456141,0.8377114034210131,0.8377192982456141
hotel_70,2023-07-10,0.8377192982456141,0.7105263157894737,0.7105263157894737,0.5526315789473685,0.5526315789473685,0.8377114034210131,0.8377192982456141
hotel_70,2023-07-11,0.8377192982456141,0.7105263157894737,0.7105263157894737,0.5175438596491229,0.5175438596491229,0.8377114034210131,0.8377192982456141
hotel_70,2023-07-12,0.8377192982456141,0.75,0.75,0.543859649122807,0.543859649122807,0.8377114034210131,0.8377192982456141
hotel_70,2023-07-13,0.8377192982456141,0.7587719298245614,0.7587719298245614,0.5789473684210527,0.5789473684210527,0.8377114034210131,0.8377192982456141
hotel_70,2023-07-14,0.8377192982456141,0.8377192982456141,0.8377192982456141,0.6447368421052632,0.6447368421052632,0.8377114034210131,0.8377192982456141
hotel_70,2023-07-15,0.8377192982456141,0.7982456140350878,0.7368421052631579,0.7368421052631579,0.7368421052631579,0.8377114034210131,0.8377192982456141
hotel_70,2023-07-16,0.8377192982456141,0.6535087719298246,0.6447368421052632,0.6447368421052632,0.6447368421052632,0.8377114034210131,0.8377192982456141
hotel_70,2023-07-17,0.8377192982456141,0.7105263157894737,0.5701754385964912,0.5701754385964912,0.5701754385964912,0.8377114034210131,0.8377192982456141
hotel_70,2023-07-18,0.8377192982456141,0.7105263157894737,0.6096491228070176,0.6096491228070176,0.6096491228070176,0.8377114034210131,0.8377192982456141
hotel_70,2023-07-19,0.8377192982456141,0.75,0.5526315789473685,0.5526315789473685,0.5526315789473685,0.8377114034210131,0.8377192982456141
hotel_70,2023-07-20,0.8377192982456141,0.7587719298245614,0.5482456140350878,0.5482456140350878,0.5482456140350878,0.8377114034210131,0.8377192982456141
hotel_70,2023-07-21,0.8377192982456141,0.8377192982456141,0.6403508771929824,0.6403508771929824,0.6403508771929824,0.8377114034210131,0.8377192982456141
hotel_70,2023-07-22,0.8377192982456141,0.7982456140350878,0.7982456140350878,0.7982456140350878,0.7982456140350878,0.8377114034210131,0.8377192982456141
hotel_70,2023-07-23,0.8377192982456141,0.6535087719298246,0.6535087719298246,0.6535087719298246,0.6535087719298246,0.8377114034210131,0.8377192982456141
hotel_70,2023-07-24,0.8377192982456141,0.7105263157894737,0.7105263157894737,0.7105263157894737,0.7105263157894737,0.8377114034210131,0.8377192982456141
hotel_70,2023-07-25,0.8377192982456141,0.7105263157894737,0.7105263157894737,0.7105263157894737,0.7105263157894737,0.8377114034210131,0.8377192982456141
hotel_70,2023-07-26,0.8377192982456141,0.75,0.75,0.75,0.75,0.8377114034210131,0.8377192982456141
hotel_70,2023-07-27,0.8377192982456141,0.7587719298245614,0.7587719298245614,0.7587719298245614,0.7587719298245614,0.8377114034210131,0.8377192982456141
hotel_70,2023-07-28,0.8377192982456141,0.8377192982456141,0.8377192982456141,0.8377192982456141,0.8377192982456141,0.8377114034210131,0.8377192982456141
hotel_84,2023-07-01,0.9134948096885813,0.903114186851211,0.9930795847750865,0.9619377162629758,0.9619377162629758,0.8830181659901125,0.8830944142362828
hotel_84,2023-07-02,0.9134948096885813,0.8961937716262975,0.986159169550173,0.8858131487889274,0.8858131487889274,0.8830181659901125,0.8830944142362828
hotel_84,2023-07-03,0.9134948096885813,0.9515570934256056,0.7958477508650519,0.6262975778546713,0.6262975778546713,0.8830181659901125,0.8830944142362828
hotel_84,2023-07-04,0.9134948096885813,0.7231833910034602,0.9204152249134948,0.7889273356401384,0.7889273356401384,0.8830181659901125,0.8830944142362828
hotel_84,2023-07-05,0.9134948096885813,0.7197231833910035,1.0,0.7820069204152249,0.7820069204152249,0.8830181659901125,0.8830944142362828
hotel_84,2023-07-06,0.9134948096885813,0.8823529411764706,0.9688581314878892,0.7577854671280276,0.7577854671280276,0.8830181659901125,0.8830944142362828
hotel_84,2023-07-07,0.9134948096885813,0.9134948096885813,0.6643598615916955,0.9446366782006921,0.9446366782006921,0.8830181659901125,0.8830944142362828
hotel_84,2023-07-08,0.9134948096885813,0.903114186851211,0.903114186851211,1.0103806228373702,1.0103806228373702,0.8830181659901125,0.8830944142362828
hotel_84,2023-07-09,0.9134948096885813,0.8961937716262975,0.8961937716262975,0.8858131487889274,0.8858131487889274,0.8830181659901125,0.8830944142362828
hotel_84,2023-07-10,0.9134948096885813,0.9515570934256056,0.9515570934256056,0.9515570934256056,0.9515570934256056,0.8830181659901125,0.8830944142362828
hotel_84,2023-07-11,0.9134948096885813,0.7231833910034602,0.7231833910034602,0.9653979238754326,0.9653979238754326,0.8830181659901125,0.8830944142362828
hotel_84,2023-07-12,0.9134948096885813,0.7197231833910035,0.7197231833910035,0.8858131487889274,0.8858131487889274,0.8830181659901125,0.8830944142362828
hotel_84,2023-07-13,0.9134948096885813,0.8823529411764706,0.8823529411764706,0.9619377162629758,0.9619377162629758,0.8830181659901125,0.8830944142362828
hotel_84,2023-07-14,0.9134948096885813,0.9134948096885813,0.9134948096885813,1.0,1.0,0.8830181659901125,0.8830944142362828
hotel_84,2023-07-15,0.9134948096885813,0.903114186851211,0.9930795847750865,0.9930795847750865,0.9930795847750865,0.8830181659901125,0.8830944142362828
hotel_84,2023-07-16,0.9134948096885813,0.8961937716262975,0.986159169550173,0.986159169550173,0.986159169550173,0.8830181659901125,0.8830944142362828
hotel_84,2023-07-17,0.9134948096885813,0.9515570934256056,0.7958477508650519,0.7958477508650519,0.7958477508650519,0.8830181659901125,0.8830944142362828
hotel_84,2023-07-18,0.9134948096885813,0.7231833910034602,0.9204152249134948,0.9204152249134948,0.9204152249134948,0.8830181659901125,0.8830944142362828
hotel_84,2023-07-19,0.9134948096885813,0.7197231833910035,1.0,1.0,1.0,0.8830181659901125,0.8830944142362828
hotel_84,2023-07-20,0.9134948096885813,0.8823529411764706,0.9688581314878892,0.9688581314878892,0.9688581314878892,0.8830181659901125,0.8830944142362828
hotel_84,2023-07-21,0.9134948096885813,0.9134948096885813,0.6643598615916955,0.6643598615916955,0.6643598615916955,0.8830181659901125,0.8830944142362828
hotel_84,2023-07-22,0.9134948096885813,0.903114186851211,0.903114186851211,0.903114186851211,0.903114186851211,0.8830181659901125,0.8830944142362828
hotel_84,2023-07-23,0.9134948096885813,0.8961937716262975,0.8961937716262975,0.8961937716262975,0.8961937716262975,0.8830181659901125,0.8830944142362828
hotel_84,2023-07-24,0.9134948096885813,0.9515570934256056,0.9515570934256056,0.9515570934256056,0.9515570934256056,0.8830181659901125,0.8830944142362828
hotel_84,2023-07-25,0.9134948096885813,0.7231833910034602,0.7231833910034602,0.7231833910034602,0.7231833910034602,0.8830181659901125,0.8830944142362828
hotel_84,2023-07-26,0.9134948096885813,0.7197231833910035,0.7197231833910035,0.7197231833910035,0.7197231833910035,0.8830181659901125,0.8830944142362828
hotel_84,2023-07-27,0.9134948096885813,0.8823529411764706,0.8823529411764706,0.8823529411764706,0.8823529411764706,0.8830181659901125,0.8830944142362828
hotel_84,2023-07-28,0.9134948096885813,0.9134948096885813,0.9134948096885813,0.9134948096885813,0.9134948096885813,0.8830181659901125,0.8830944142362828
hotel_91,2023-07-01,0.8651685393258427,0.8539325842696629,0.9325842696629213,0.9550561797752809,0.9550561797752809,0.9079991241419069,0.9081059372293655
hotel_91,2023-07-02,0.8651685393258427,0.8202247191011236,0.7078651685393258,0.8764044943820225,0.8764044943820225,0.9079991241419069,0.9081059372293655
hotel_91,2023-07-03,0.8651685393258427,0.9775280898876404,0.7752808988764045,0.8651685393258427,0.8651685393258427,0.9079991241419069,0.9081059372293655
hotel_91,2023-07-04,0.8651685393258427,1.0112359550561798,0.9887640449438202,0.9550561797752809,0.9550561797752809,0.9079991241419069,0.9081059372293655
hotel_91,2023-07-05,0.8651685393258427,1.0224719101123596,0.9325842696629213,1.0,1.0,0.9079991241419069,0.9081059372293655
hotel_91,2023-07-06,0.8651685393258427,0.898876404494382,0.8202247191011236,0.9550561797752809,0.9550561797752809,0.9079991241419069,0.9081059372293655
hotel_91,2023-07-07,0.8651685393258427,0.8651685393258427,0.8764044943820225,0.9213483146067416,0.9213483146067416,0.9079991241419069,0.9081059372293655
hotel_91,2023-07-08,0.8651685393258427,0.8539325842696629,0.8539325842696629,1.0112359550561798,1.0112359550561798,0.9079991241419069,0.9081059372293655
hotel_91,2023-07-09,0.8651685393258427,0.8202247191011236,0.8202247191011236,0.6966292134831461,0.6966292134831461,0.9079991241419069,0.9081059372293655
hotel_91,2023-07-10,0.8651685393258427,0.9775280898876404,0.9775280898876404,1.0,1.0,0.9079991241419069,0.9081059372293655
hotel_91,2023-07-11,0.8651685393258427,1.0112359550561798,1.0112359550561798,0.9325842696629213,0.9325842696629213,0.9079991241419069,0.9081059372293655
hotel_91,2023-07-12,0.8651685393258427,1.0224719101123596,1.0224719101123596,0.9101123595505618,0.9101123595505618,0.9079991241419069,0.9081059372293655
hotel_91,2023-07-13,0.8651685393258427,0.898876404494382,0.898876404494382,0.9887640449438202,0.9887640449438202,0.9079991241419069,0.9081059372293655
hotel_91,2023-07-14,0.8651685393258427,0.8651685393258427,0.8651685393258427,0.8764044943820225,0.8764044943820225,0.9079991241419069,0.9081059372293655
hotel_91,2023-07-15,0.8651685393258427,0.8539325842696629,0.9325842696629213,0.9325842696629213,0.9325842696629213,0.9079991241419069,0.9081059372293655
hotel_91,2023-07-16,0.8651685393258427,0.8202247191011236,0.7078651685393258,0.7078651685393258,0.7078651685393258,0.9079991241419069,0.9081059372293655
hotel_91,2023-07-17,0.8651685393258427,0.9775280898876404,0.7752808988764045,0.7752808988764045,0.7752808988764045,0.9079991241419069,0.9081059372293655
hotel_91,2023-07-18,0.8651685393258427,1.0112359550561798,0.9887640449438202,0.9887640449438202,0.9887640449438202,0.9079991241419069,0.9081059372293655
hotel_91,2023-07-19,0.8651685393258427,1.0224719101123596,0.9325842696629213,0.9325842696629213,0.9325842696629213,0.9079991241419069,0.9081059372293655
hotel_91,2023-07-20,0.8651685393258427,0.898876404494382,0.8202247191011236,0.8202247191011236,0.8202247191011236,0.9079991241419069,0.9081059372293655
hotel_91,2023-07-21,0.8651685393258427,0.8651685393258427,0.8764044943820225,0.8764044943820225,0.8764044943820225,0.9079991241419069,0.9081059372293655
hotel_91,2023-07-22,0.8651685393258427,0.8539325842696629,0.8539325842696629,0.8539325842696629,0.8539325842696629,0.9079991241419069,0.9081059372293655
hotel_91,2023-07-23,0.8651685393258427,0.8202247191011236,0.8202247191011236,0.8202247191011236,0.8202247191011236,0.9079991241419069,0.9081059372293655
hotel_91,2023-07-24,0.8651685393258427,0.9775280898876404,0.9775280898876404,0.9775280898876404,0.9775280898876404,0.9079991241419069,0.9081059372293655
hotel_91,2023-07-25,0.8651685393258427,1.0112359550561798,1.0112359550561798,1.0112359550561798,1.0112359550561798,0.9079991241419069,0.9081059372293655
hotel_91,2023-07-26,0.8651685393258427,1.0224719101123596,1.0224719101123596,1.0224719101123596,1.0224719101123596,0.9079991241419069,0.9081059372293655
hotel_91,2023-07-27,0.8651685393258427,0.898876404494382,0.898876404494382,0.898876404494382,0.898876404494382,0.9079991241419069,0.9081059372293655
hotel_91,2023-07-28,0.8651685393258427,0.8651685393258427,0.8651685393258427,0.8651685393258427,0.8651685393258427,0.9079991241419069,0.9081059372293655
hotel_98,2023-07-01,0.5,0.3467741935483871,0.25806451612903225,0.21774193548387097,0.21774193548387097,0.5314982135107369,0.3075576188610676
hotel_98,2023-07-02,0.5,0.13709677419354838,0.06451612903225806,0.06451612903225806,0.06451612903225806,0.5630023833424456,0.18852491321033457
hotel_98,2023-07-03,0.5,0.10483870967741936,0.06451612903225806,0.04838709677419355,0.04838709677419355,0.5945065531741544,0.18852491321033457
hotel_98,2023-07-04,0.5,0.0967741935483871,0.08064516129032258,0.03225806451612903,0.03225806451612903,0.6260107230058631,0.18852491321033457
hotel_98,2023-07-05,0.5,0.18548387096774194,0.11290322580645161,0.07258064516129033,0.07258064516129033,0.6575148928375718,0.18852491321033457
hotel_98,2023-07-06,0.5,0.4112903225806452,0.1532258064516129,0.08064516129032258,0.08064516129032258,0.6890190626692805,0.18852491321033457
hotel_98,2023-07-07,0.5,0.5,0.4435483870967742,0.3790322580645161,0.3790322580645161,0.7205232325009893,0.18852491321033457
hotel_98,2023-07-08,0.5,0.3467741935483871,0.3467741935483871,0.5080645161290323,0.5080645161290323,0.752027402332698,0.18852491321033457
hotel_98,2023-07-09,0.5,0.13709677419354838,0.13709677419354838,0.1532258064516129,0.1532258064516129,0.7835315721644067,0.18852491321033457
hotel_98,2023-07-10,0.5,0.10483870967741936,0.10483870967741936,0.14516129032258066,0.14516129032258066,0.8150357419961154,0.18852491321033457
hotel_98,2023-07-11,0.5,0.0967741935483871,0.0967741935483871,0.12096774193548387,0.12096774193548387,0.8465399118278242,0.18852491321033457
hotel_98,2023-07-12,0.5,0.18548387096774194,0.18548387096774194,0.07258064516129033,0.07258064516129033,0.878044081659533,0.18852491321033457
hotel_98,2023-07-13,0.5,0.4112903225806452,0.4112903225806452,0.08064516129032258,0.08064516129032258,0.9095482514912416,0.18852491321033457
hotel_98,2023-07-14,0.5,0.5,0.5,0.16129032258064516,0.16129032258064516,0.9410524213229503,0.18852491321033457
hotel_98,2023-07-15,0.5,0.3467741935483871,0.25806451612903225,0.25806451612903225,0.25806451612903225,0.9725565911546591,0.18852491321033457
hotel_98,2023-07-16,0.5,0.13709677419354838,0.06451612903225806,0.06451612903225806,0.06451612903225806,1.0040607609863679,0.18852491321033457
hotel_98,2023-07-17,0.5,0.10483870967741936,0.06451612903225806,0.06451612903225806,0.06451612903225806,1.0355649308180765,0.18852491321033457
hotel_98,2023-07-18,0.5,0.0967741935483871,0.08064516129032258,0.08064516129032258,0.08064516129032258,1.0670691006497852,0.18852491321033457
hotel_98,2023-07-19,0.5,0.18548387096774194,0.11290322580645161,0.11290322580645161,0.11290322580645161,1.0985732704814941,0.18852491321033457
hotel_98,2023-07-20,0.5,0.4112903225806452,0.1532258064516129,0.1532258064516129,0.1532258064516129,1.1300774403132028,0.18852491321033457
hotel_98,2023-07-21,0.5,0.5,0.4435483870967742,0.4435483870967742,0.4435483870967742,1.1615816101449115,0.18852491321033457
hotel_98,2023-07-22,0.5,0.3467741935483871,0.3467741935483871,0.3467741935483871,0.3467741935483871,1.1930857799766201,0.18852491321033457
hotel_98,2023-07-23,0.5,0.13709677419354838,0.13709677419354838,0.13709677419354838,0.13709677419354838,1.224589949808329,0.18852491321033457
hotel_98,2023-07-24,0.5,0.10483870967741936,0.10483870967741936,0.10483870967741936,0.10483870967741936,1.2560941196400377,0.18852491321033457
hotel_98,2023-07-25,0.5,0.0967741935483871,0.0967741935483871,0.0967741935483871,0.0967741935483871,1.2875982894717464,0.18852491321033457
hotel_98,2023-07-26,0.5,0.18548387096774194,0.18548387096774194,0.18548387096774194,0.18548387096774194,1.319102459303455,0.18852491321033457
hotel_98,2023-07-27,0.5,0.4112903225806452,0.4112903225806452,0.4112903225806452,0.4112903225806452,1.350606629135164,0.18852491321033457
hotel_98,2023-07-28,0.5,0.5,0.5,0.5,0.5,1.3821107989668726,0.18852491321033457
